Name,URL,Rating,Reviews,Team Size,Services,Social Media,Pricing,Location,Languages,Source
Stilioo,https://stilioo.dz/,,,,,,,,,direct_scrape
Fan Digital Marketing,https://fandigitalmarketing.com/,,,,"marketing digital, community management, social media, seo, référencement, création site web, branding, publicité","twitter, facebook, linkedin, instagram",,"Alger, Oran","Arabic, French, English",direct_scrape
ADS Media,https://adsmedia.dz/,,,,"marketing digital, publicité, ia, google ads","linkedin, facebook",,Alger,,direct_scrape
FAN Advertising,https://www.fancommunication.dz/,,,,"marketing digital, community management, seo, référencement, branding, identité visuelle, publicité, vidéo","twitter, linkedin, facebook, youtube",,Alger,French,direct_scrape
Le2 Agency,https://le2.agency/,,,,,,,,,direct_scrape
TUDSA,https://tudsa.net/,,,,"marketing digital, social media, seo, création site web, web design, publicité, automatisation, e-commerce","facebook, instagram, twitter",,Tizi Ouzou,,direct_scrape
Sponsorili DZ,https://sponsorilidz.com/,,,,"marketing digital, publicité, vidéo",instagram,,Alger,,direct_scrape
Nazhamane,https://nazhamane.com/,,,,"seo, référencement, création site web, web design, publicité, événementiel, développement web, logo",,,"Alger, Constantine",,direct_scrape
SHIFTIN,https://shiftin.co/,,,,"marketing digital, seo, création site web, publicité, application mobile, stratégie digitale, ui/ux, ia","facebook, twitter, instagram, linkedin",,Alger,,direct_scrape
Digital Ways,https://digitalways.net/,,,,,,,,,direct_scrape
Diamond Agency DZ,https://www.diamond-agency-dz.com/,,,,"marketing digital, community management, seo, référencement, identité visuelle, publicité, e-commerce, vidéo","facebook, instagram, linkedin, youtube, twitter","20 000 DA, 80 000 DA",Tizi Ouzou,,direct_scrape
Iceberg Agency,https://www.agence-iceberg.com/,,,,"marketing digital, community management, seo, référencement, branding, identité visuelle, publicité, ia",facebook,,Alger,French,direct_scrape
HiveDigit4.7,http://hivedigit.com?utm_source=sortlist&utm_medium=profile&utm_campaign=,4.7,19,23,"marketing digital, seo, social media, community management, branding, publicité, développement, content marketing",,,,,sortlist
KYO Conseil4.9,http://www.kyo-conseil.com?utm_source=sortlist&utm_medium=profile&utm_campaign=,4.9,3,58,"marketing digital, seo, web design, facebook ads, e-commerce, stratégie, consulting, data",,,,,sortlist
Fan Advertising Algerie4.9,https://www.sortlist.com/agency/fan-advertising,4.9,4,15,"marketing digital, seo, social media, web design, branding, publicité, consulting, data",,,,,sortlist
ATAKOR STUDIO4.9,https://www.sortlist.com/agency/atakor,4.9,5,8,"marketing digital, seo, social media, branding, e-commerce, graphisme, identité visuelle, stratégie",,,,,sortlist
Createch5,https://www.sortlist.com/agency/createch-3,"3,0",19,25,"social media, branding, e-commerce, ui/ux, consulting, data",,,,,sortlist
diamond agency4,https://www.sortlist.com/agency/diamond-agency,"1,0",2,7,"marketing digital, seo, community management, web design, publicité, développement, google ads, facebook ads",,,,,sortlist
BlueOrbit Agency,https://www.sortlist.com/agency/blueorbit-agency,,,3,"marketing digital, social media, community management, identité visuelle, stratégie, data, analytics",,,,,sortlist
Dex Agence,https://www.sortlist.com/agency/dex-agence,,,4,"marketing digital, seo, social media, community management, web design, branding, publicité, développement",,,,,sortlist
Numedes,https://www.sortlist.com/agency/numedes,"1,0",,2,"marketing digital, seo, social media, community management, web design, branding, publicité, content marketing",,,,,sortlist
Aurasy Agency,https://www.sortlist.com/agency/aurasy-agency,"3,0",,5,"seo, social media, web design, branding, développement, consulting, data",,,,,sortlist
DATA DIGITAL ONE,https://www.sortlist.com/agency/digital-one,,,4,"consulting, data",,,,,sortlist
Taibouni Web Solution,https://www.sortlist.com/agency/taibouni-web-solution,"1,0",,,"seo, social media, web design, e-commerce, data",,,,,sortlist
NETLAB,https://www.sortlist.com/agency/netlab,"1,0",,24,"marketing digital, social media, community management, web design, branding, e-commerce, data",,,,,sortlist
Ouedkniss / واد كنيس,https://www.sortlist.com/agency/ouedkniss,"0,0",,4,"marketing digital, seo, social media, branding, e-commerce, consulting, data",,,,,sortlist
ZCMC - Marketing digital company,https://www.sortlist.com/agency/zcmc-marketing-digital-company,"1,0",,4,"marketing digital, seo, social media, community management, branding, e-commerce, consulting, data",,,,,sortlist
